{
  "train_loss": [
    291.0787612672836,
    220.91253783210877,
    204.85728285047742,
    200.76111590673054,
    196.63650997101314,
    194.68151782807848,
    191.59804002065508,
    190.92931947254,
    189.32632446289062,
    188.86910235692585,
    187.06018393380302,
    185.705077640594,
    184.05568198552209,
    185.1929163857112,
    183.72774977911087,
    182.3215313866025,
    181.7079065716456,
    182.43810066344247,
    181.17066737583704,
    181.23839520651197,
    179.82032194591704,
    180.16675821940103,
    178.4252447703528,
    178.31934005495103,
    178.3860156346881,
    177.25830768403551,
    177.2767050606864,
    176.86794159904358,
    176.93116178966704,
    176.51732247973246,
    175.7600384666806,
    175.57380700489833,
    175.20668126666357,
    174.19553799099393,
    173.43963804699126,
    173.50682782369947,
    172.68221561492436,
    173.9944533090743,
    171.85917578803168,
    171.19278777591765,
    172.3719234163799,
    171.6392329382518,
    171.08782547239272,
    169.8229775807214,
    169.52889094277035,
    168.86287640768384,
    168.8463622804672,
    169.30579606313555,
    168.6184849814763,
    167.0858914814298
  ],
  "val_loss": [
    223.1903839111328,
    188.0143045278696,
    181.94997816819412,
    179.6509763277494,
    180.01222346379205,
    172.8048612154447,
    173.6889419555664,
    174.7988985501803,
    170.7982952411358,
    171.7278119600736,
    168.28892282339243,
    171.0048798781175,
    173.19407595120944,
    169.69804030198318,
    166.84412912222055,
    167.56394606370193,
    165.58394153301532,
    165.93201153094952,
    166.60975999098557,
    164.3327372624324,
    163.45456284743088,
    168.0386516864483,
    165.52105419452374,
    165.28929783747748,
    180.50447904146634,
    166.52724867600662,
    162.99012991098257,
    166.11249600923978,
    163.12511150653546,
    163.21202028714694,
    163.43893784743088,
    162.01071225679837,
    161.82225858248196,
    166.08024010291467,
    162.13354668250452,
    164.00182225153998,
    162.0795405461238,
    161.56454526461087,
    161.38514005220853,
    162.18148568960336,
    161.74781212439905,
    162.3618363600511,
    162.85015751765326,
    160.72945462740384,
    162.42464799147385,
    161.22412754939154,
    160.3251923781175,
    161.2785873413086,
    161.47887596717248,
    162.0968017578125
  ]
}